<?xml version="1.0" encoding="UTF-8"?>
<project-private xmlns="http://www.netbeans.org/ns/project-private/1">
    <editor-bookmarks xmlns="http://www.netbeans.org/ns/editor-bookmarks/2" lastBookmarkId="0"/>
    <open-files xmlns="http://www.netbeans.org/ns/projectui-open-files/2">
        <group>
            <file>file:/C:/Users/madha/Documents/NetBeansProjects/project_bs/public_html/goa.html</file>
            <file>file:/C:/Users/madha/Documents/NetBeansProjects/project_bs/public_html/signup.html</file>
            <file>file:/C:/Users/madha/Documents/NetBeansProjects/project_bs/public_html/logout.html</file>
            <file>file:/C:/Users/madha/Documents/NetBeansProjects/project_bs/public_html/index.html</file>
            <file>file:/C:/Users/madha/Documents/NetBeansProjects/project_bs/public_html/tirupati.html</file>
            <file>file:/C:/Users/madha/Documents/NetBeansProjects/project_bs/public_html/Homepage.html</file>
            <file>file:/C:/Users/madha/Documents/NetBeansProjects/project_bs/public_html/bsm.css</file>
            <file>file:/C:/Users/madha/Documents/NetBeansProjects/project_bs/public_html/login.html</file>
            <file>file:/C:/Users/madha/Documents/NetBeansProjects/project_bs/package.json</file>
            <file>file:/C:/Users/madha/Documents/NetBeansProjects/project_bs/public_html/chennai.html</file>
            <file>file:/C:/Users/madha/Documents/NetBeansProjects/project_bs/bower.json</file>
            <file>file:/C:/Users/madha/Documents/NetBeansProjects/project_bs/gulpfile.js</file>
            <file>file:/C:/Users/madha/Documents/NetBeansProjects/project_bs/public_html/kanyakumari.html</file>
            <file>file:/C:/Users/madha/Documents/NetBeansProjects/project_bs/Gruntfile.js</file>
            <file>file:/C:/Users/madha/Documents/NetBeansProjects/project_bs/public_html/settings.html</file>
            <file>file:/C:/Users/madha/Documents/NetBeansProjects/project_bs/public_html/Warangal.html</file>
            <file>file:/C:/Users/madha/Documents/NetBeansProjects/project_bs/public_html/Bangalore.html</file>
            <file>file:/C:/Users/madha/Documents/NetBeansProjects/project_bs/public_html/menu.html</file>
            <file>file:/C:/Users/madha/Documents/NetBeansProjects/project_bs/public_html/cochin.html</file>
            <file>file:/C:/Users/madha/Documents/NetBeansProjects/project_bs/.bowerrc</file>
            <file>file:/C:/Users/madha/Documents/NetBeansProjects/project_bs/public_html/mumbai.html</file>
            <file>file:/C:/Users/madha/Documents/NetBeansProjects/project_bs/public_html/aboutus.html</file>
            <file>file:/C:/Users/madha/Documents/NetBeansProjects/project_bs/public_html/Hyderabad.html</file>
            <file>file:/C:/Users/madha/Documents/NetBeansProjects/project_bs/public_html/vizag.html</file>
        </group>
    </open-files>
</project-private>
